174774150,1461341700,1461348120,OVS,LEH,9,41098,,4/22/16 16:15,4/22/16 18:02
174774124,1461351000,1461356760,LEH,OVS,9,41098,,4/22/16 18:50,4/22/16 20:26
174777506,1461393900,1461399900,OVS,FUK,9,41098,,4/23/16 6:45,4/23/16 8:25
174777482,1461403200,1461409500,FUK,OVS,9,41098,,4/23/16 9:20,4/23/16 11:05
174777574,1461413400,1461422400,OVS,KMM,9,41098,,4/23/16 12:10,4/23/16 14:40
174773996,1461325560,1461335280,GAZ,OVS,9,51098,,4/22/16 11:46,4/22/16 14:28
174773893,1461339600,1461345300,OVS,NZK,9,51098,,4/22/16 15:40,4/22/16 17:15
174773887,1461350100,1461355800,NZK,OVS,9,51098,,4/22/16 18:35,4/22/16 20:10
174774230,1461363600,1461370500,OVS,AFU,9,51098,,4/22/16 22:20,4/23/16 0:15
174777664,1461373500,1461380700,AFU,OVS,9,51098,,4/23/16 1:05,4/23/16 3:05
174777680,1461394500,1461406200,OVS,PTO,9,51098,,4/23/16 6:55,4/23/16 10:10
174777518,1461409800,1461420600,PTO,OVS,9,51098,,4/23/16 11:10,4/23/16 14:10
174773596,1461333600,1461341220,VOR,OVS,9,32098,,4/22/16 14:00,4/22/16 16:07
174777926,1461385200,1461393300,OVS,WTS,9,32098,,4/23/16 4:20,4/23/16 6:35
174778026,1461396600,1461404400,WTS,OVS,9,32098,,4/23/16 7:30,4/23/16 9:40
174777498,1461408900,1461418800,OVS,SRD,9,32098,,4/23/16 10:55,4/23/16 13:40
174777802,1461421800,1461430800,SRD,OVS,9,32098,,4/23/16 14:30,4/23/16 17:00
174773332,1461359400,1461365700,OVS,HRA,9,42098,,4/22/16 21:10,4/22/16 22:55
174774330,1461369300,1461375600,HRA,OVS,9,42098,,4/22/16 23:55,4/23/16 1:40
174778364,1461396000,1461407100,OVS,GAZ,9,42098,,4/23/16 7:20,4/23/16 10:25
174778068,1461410400,1461420600,GAZ,OVS,9,42098,,4/23/16 11:20,4/23/16 14:10
174778064,1461397200,1461403800,OVS,LEH,9,82098,,4/23/16 7:40,4/23/16 9:30
174778492,1461407100,1461413100,LEH,OVS,9,82098,,4/23/16 10:25,4/23/16 12:05
174778550,1461418200,1461424800,OVS,HRA,9,82098,,4/23/16 13:30,4/23/16 15:20
174773328,1461330600,1461335820,QSM,OVS,9,23098,,4/22/16 13:10,4/22/16 14:37
174773739,1461337800,1461343800,OVS,LLT,9,23098,,4/22/16 15:10,4/22/16 16:50
174773751,1461346800,1461352500,LLT,OVS,9,23098,,4/22/16 17:40,4/22/16 19:15
174778566,1461388200,1461395400,OVS,HRA,9,23098,,4/23/16 5:10,4/23/16 7:10
174777392,1461399000,1461405600,HRA,OVS,9,23098,,4/23/16 8:10,4/23/16 10:00
174778342,1461409800,1461415800,OVS,FUK,9,23098,,4/23/16 11:10,4/23/16 12:50
174778466,1461419400,1461425400,FUK,OVS,9,23098,,4/23/16 13:50,4/23/16 15:30
174774232,1461333300,1461339060,OVS,WTR,9,14098,,4/22/16 13:55,4/22/16 15:31
174773957,1461345900,1461351720,WTR,OVS,9,14098,,4/22/16 17:25,4/22/16 19:02
174773460,1461358200,1461362700,OVS,ZOV,9,14098,,4/22/16 20:50,4/22/16 22:05
174777548,1461381300,1461385200,ZOV,OVS,9,14098,,4/23/16 3:15,4/23/16 4:20
174778170,1461392100,1461396600,OVS,ZOV,9,14098,,4/23/16 6:15,4/23/16 7:30
174778166,1461399600,1461403500,ZOV,OVS,9,14098,,4/23/16 8:20,4/23/16 9:25
174778580,1461412200,1461425100,OVS,GKS,9,14098,,4/23/16 11:50,4/23/16 15:25
174774494,1461325620,1461339060,OVS,GKS,9,44098,,4/22/16 11:47,4/22/16 15:31
174774298,1461342300,1461354600,GKS,OVS,9,44098,,4/22/16 16:25,4/22/16 19:50
174774204,1461359100,1461366000,OVS,VOR,9,44098,,4/22/16 21:05,4/22/16 23:00
174773919,1461369300,1461376200,VOR,OVS,9,44098,,4/22/16 23:55,4/23/16 1:50
174777510,1461380400,1461384600,OVS,JOG,9,44098,,4/23/16 3:00,4/23/16 4:10
174777674,1461387600,1461391200,JOG,OVS,9,44098,,4/23/16 5:00,4/23/16 6:00
174777464,1461395400,1461399600,OVS,JOG,9,44098,,4/23/16 7:10,4/23/16 8:20
174777480,1461402600,1461406500,JOG,OVS,9,44098,,4/23/16 9:10,4/23/16 10:15
174777458,1461410400,1461420300,OVS,MJT,9,44098,,4/23/16 11:20,4/23/16 14:05
174773388,1461323880,1461333480,OVS,MJT,9,64098,,4/22/16 11:18,4/22/16 13:58
174773380,1461337800,1461348060,MJT,OVS,9,64098,,4/22/16 15:10,4/22/16 18:01
174773432,1461358200,1461362400,OVS,JOG,9,64098,,4/22/16 20:50,4/22/16 22:00
174778458,1461377100,1461380400,JOG,OVS,9,64098,,4/23/16 2:05,4/23/16 3:00
174778176,1461384900,1461391200,OVS,CBN,9,64098,,4/23/16 4:15,4/23/16 6:00
174778180,1461395100,1461401100,CBN,OVS,9,64098,,4/23/16 7:05,4/23/16 8:45
174777656,1461406800,1461414000,OVS,VOR,9,64098,,4/23/16 10:20,4/23/16 12:20
174777662,1461417900,1461424800,VOR,OVS,9,64098,,4/23/16 13:25,4/23/16 15:20
174773508,1461329100,1461337860,OVS,KMM,9,15098,,4/22/16 12:45,4/22/16 15:11
174773636,1461341100,1461349920,KMM,OVS,9,15098,,4/22/16 16:05,4/22/16 18:32
174774076,1461355500,1461361500,OVS,XIR,9,15098,,4/22/16 20:05,4/22/16 21:45
174774222,1461369000,1461375000,XIR,OVS,9,15098,,4/22/16 23:50,4/23/16 1:30
174777744,1461383100,1461388800,OVS,NZK,9,15098,,4/23/16 3:45,4/23/16 5:20
174777868,1461391500,1461396900,NZK,OVS,9,15098,,4/23/16 6:05,4/23/16 7:35
174777388,1461408600,1461413700,OVS,QSM,9,15098,,4/23/16 10:50,4/23/16 12:15
174777394,1461418200,1461423600,QSM,OVS,9,15098,,4/23/16 13:30,4/23/16 15:00
174774238,1461323700,1461330960,OVS,AFU,9,75098,,4/22/16 11:15,4/22/16 13:16
174774386,1461334500,1461341940,AFU,OVS,9,75098,,4/22/16 14:15,4/22/16 16:19
174774466,1461331800,1461338280,OVS,HRA,9,85098,,4/22/16 13:30,4/22/16 15:18
174774314,1461342000,1461348600,HRA,OVS,9,85098,,4/22/16 16:20,4/22/16 18:10
174774048,1461354300,1461359700,OVS,QSM,9,85098,,4/22/16 19:45,4/22/16 21:15
174778414,1461381300,1461386100,QSM,OVS,9,85098,,4/23/16 3:15,4/23/16 4:35
174778222,1461390300,1461396000,OVS,ONV,9,85098,,4/23/16 5:45,4/23/16 7:20
174777722,1461399300,1461404400,ONV,OVS,9,85098,,4/23/16 8:15,4/23/16 9:40
174778136,1461411900,1461418500,OVS,CBN,9,85098,,4/23/16 11:45,4/23/16 13:35
174778132,1461422400,1461428700,CBN,OVS,9,85098,,4/23/16 14:40,4/23/16 16:25
174774246,1461323160,1461329280,OVS,FUK,9,16098,,4/22/16 11:06,4/22/16 12:48
174774376,1461335100,1461341160,FUK,OVS,9,16098,,4/22/16 14:25,4/22/16 16:06
174773642,1461359400,1461368400,OVS,XKA,9,16098,,4/22/16 21:10,4/22/16 23:40
174778242,1461373200,1461383100,XKA,OVS,9,16098,,4/23/16 1:00,4/23/16 3:45
174778008,1461394200,1461400200,OVS,WTR,9,16098,,4/23/16 6:50,4/23/16 8:30
174778312,1461403800,1461409500,WTR,OVS,9,16098,,4/23/16 9:30,4/23/16 11:05
174778328,1461419700,1461425400,OVS,WTR,9,16098,,4/23/16 13:55,4/23/16 15:30
174774116,1461329100,1461334440,XIR,OVS,9,26098,,4/22/16 12:45,4/22/16 14:14
174774132,1461341100,1461346800,OVS,XIR,9,26098,,4/22/16 16:05,4/22/16 17:40
174774144,1461349800,1461355200,XIR,OVS,9,26098,,4/22/16 18:30,4/22/16 20:00
174777448,1461384000,1461391200,OVS,EEP,9,26098,,4/23/16 4:00,4/23/16 6:00
174777456,1461394800,1461402300,EEP,OVS,9,26098,,4/23/16 7:00,4/23/16 9:05
174777600,1461406500,1461412500,OVS,XIR,9,26098,,4/23/16 10:15,4/23/16 11:55
174778198,1461415500,1461421200,XIR,OVS,9,26098,,4/23/16 12:45,4/23/16 14:20
174773428,1461324120,1461333600,OVS,SRD,9,36098,,4/22/16 11:22,4/22/16 14:00
174773733,1461335400,1461344280,SRD,OVS,9,36098,,4/22/16 14:30,4/22/16 16:58
174773921,1461326400,1461331260,OVS,JOG,9,46098,,4/22/16 12:00,4/22/16 13:21
174774356,1461335400,1461339420,JOG,OVS,9,46098,,4/22/16 14:30,4/22/16 15:37
174773536,1461361800,1461369900,OVS,FQM,9,46098,,4/22/16 21:50,4/23/16 0:05
174777432,1461373500,1461381600,FQM,OVS,9,46098,,4/23/16 1:05,4/23/16 3:20
174777646,1461387600,1461393900,OVS,FUK,9,46098,,4/23/16 5:00,4/23/16 6:45
174777644,1461399000,1461405000,FUK,OVS,9,46098,,4/23/16 8:10,4/23/16 9:50
174777992,1461412800,1461417600,OVS,JOG,9,46098,,4/23/16 12:00,4/23/16 13:20
174778446,1461421800,1461425700,JOG,OVS,9,46098,,4/23/16 14:30,4/23/16 15:35
174773927,1461326400,1461336600,GEB,OVS,73H,DCBPV,,4/22/16 12:00,4/22/16 14:50
174777440,1461386400,1461395100,OVS,REA,73H,DCBPV,,4/23/16 4:40,4/23/16 7:05
174778518,1461399300,1461408000,REA,OVS,73H,DCBPV,,4/23/16 8:15,4/23/16 10:40
174777732,1461414000,1461435600,OVS,LED,73H,DCBPV,,4/23/16 12:20,4/23/16 18:20
174773670,1461327600,1461349020,OVS,LED,73H,FCBPV,,4/22/16 12:20,4/22/16 18:17
174773807,1461353700,1461377100,LED,OVS,73H,FCBPV,,4/22/16 19:35,4/23/16 2:05
174778450,1461385200,1461394800,OVS,PIS,73H,FCBPV,,4/23/16 4:20,4/23/16 7:00
174778442,1461398100,1461407100,PIS,OVS,73H,FCBPV,,4/23/16 7:55,4/23/16 10:25
174773983,1461341700,1461363000,OVS,LED,73H,GCBPV,,4/22/16 16:15,4/22/16 22:10
174773821,1461367500,1461390600,LED,OVS,73H,GCBPV,,4/22/16 23:25,4/23/16 5:50
174777500,1461396900,1461404700,OVS,NRA,73H,GCBPV,,4/23/16 7:35,4/23/16 9:45
174777490,1461408300,1461415800,NRA,OVS,73H,GCBPV,,4/23/16 10:45,4/23/16 12:50
174774456,1461321660,1461334680,OCF,OVS,321,CDBPV,,4/22/16 10:41,4/22/16 14:18
174773400,1461344700,1461357600,OVS,PXM,321,CDBPV,,4/22/16 17:05,4/22/16 20:40
174773588,1461364800,1461376800,PXM,OVS,321,CDBPV,,4/22/16 22:40,4/23/16 2:00
174778218,1461384300,1461399600,OVS,VLT,321,CDBPV,,4/23/16 4:05,4/23/16 8:20
174778536,1461404100,1461418800,VLT,OVS,321,CDBPV,,4/23/16 9:35,4/23/16 13:40
174774496,1461341700,1461375600,OVS,NAC,3KR,DDBPV,,4/22/16 16:15,4/23/16 1:40
174778572,1461381000,1461418500,NAC,OVS,3KR,DDBPV,,4/23/16 3:10,4/23/16 13:35
174773514,1461316380,1461343320,OVS,SFT,3KR,EDBPV,,4/22/16 9:13,4/22/16 16:42
174773336,1461349800,1461373800,SFT,OVS,3KR,EDBPV,,4/22/16 18:30,4/23/16 1:10
174777580,1461402900,1461429000,OVS,SFT,3KR,EDBPV,,4/23/16 9:15,4/23/16 16:30
174773632,1461345600,1461359400,OVS,YEB,320,KDBPV,,4/22/16 17:20,4/22/16 21:10
174773640,1461363000,1461376500,YEB,OVS,320,KDBPV,,4/22/16 22:10,4/23/16 1:55
174778564,1461393900,1461406200,OVS,VIT,320,KDBPV,,4/23/16 6:45,4/23/16 10:10
174778590,1461409800,1461421800,VIT,OVS,320,KDBPV,,4/23/16 11:10,4/23/16 14:30
174774344,1461332700,1461362160,OVS,CKP,77W,BGBPV,,4/22/16 13:45,4/22/16 21:56
174778194,1461372300,1461403200,CKP,OVS,77W,BGBPV,,4/23/16 0:45,4/23/16 9:20
174777910,1461420600,1461450000,OVS,SUU,77W,BGBPV,,4/23/16 14:10,4/23/16 22:20
174773843,1461334200,1461364140,OVS,SUU,77W,CGBPV,,4/22/16 14:10,4/22/16 22:29
174777904,1461373800,1461405300,SUU,OVS,77W,CGBPV,,4/23/16 1:10,4/23/16 9:55
174777534,1461417300,1461446400,OVS,OVV,77W,CGBPV,,4/23/16 13:15,4/23/16 21:20
174773352,1461295800,1461330900,GKH,OVS,77W,DGBPV,,4/22/16 3:30,4/22/16 13:15
174773527,1461347700,1461374400,OVS,VHK,77W,DGBPV,,4/22/16 17:55,4/23/16 1:20
174777720,1461382200,1461410100,VHK,OVS,77W,DGBPV,,4/23/16 3:30,4/23/16 11:15
174778436,1461419100,1461448500,OVS,CKP,77W,DGBPV,,4/23/16 13:45,4/23/16 21:55
174774110,1461322200,1461338460,ALA,OVS,320,DIBPV,,4/22/16 10:50,4/22/16 15:21
174773488,1461347100,1461352800,OVS,ONV,320,DIBPV,,4/22/16 17:45,4/22/16 19:20
174777706,1461377400,1461382500,ONV,OVS,320,DIBPV,,4/23/16 2:10,4/23/16 3:35
174778474,1461395400,1461409800,OVS,GDC,320,DIBPV,,4/23/16 7:10,4/23/16 11:10
174778488,1461412800,1461425700,GDC,OVS,320,DIBPV,,4/23/16 12:00,4/23/16 15:35
174773811,1461326100,1461333960,OVS,QAA,32A,AJBPV,,4/22/16 11:55,4/22/16 14:06
174774000,1461337500,1461345540,QAA,OVS,32A,AJBPV,,4/22/16 15:05,4/22/16 17:19
174773320,1461362400,1461372000,OVS,PIS,32A,AJBPV,,4/22/16 22:00,4/23/16 0:40
174778412,1461375000,1461384300,PIS,OVS,32A,AJBPV,,4/23/16 1:30,4/23/16 4:05
174778268,1461396000,1461405600,OVS,DUB,32A,AJBPV,,4/23/16 7:20,4/23/16 10:00
174778128,1461408900,1461417900,DUB,OVS,32A,AJBPV,,4/23/16 10:55,4/23/16 13:25
174774498,1461325740,1461333180,OVS,RRK,32A,YJBPV,,4/22/16 11:49,4/22/16 13:53
174774484,1461337500,1461345540,RRK,OVS,32A,YJBPV,,4/22/16 15:05,4/22/16 17:19
174773853,1461351000,1461362100,OVS,CGS,32A,YJBPV,,4/22/16 18:50,4/22/16 21:55
174773700,1461366900,1461378900,CGS,OVS,32A,YJBPV,,4/22/16 23:15,4/23/16 2:35
174778380,1461384300,1461393000,OVS,KEC,32A,YJBPV,,4/23/16 4:05,4/23/16 6:30
174778512,1461396000,1461404700,KEC,OVS,32A,YJBPV,,4/23/16 7:20,4/23/16 9:45
174777404,1461409200,1461416400,OVS,DGK,32A,YJBPV,,4/23/16 11:00,4/23/16 13:00
174777428,1461419700,1461426300,DGK,OVS,32A,YJBPV,,4/23/16 13:55,4/23/16 15:45
174774406,1461326160,1461336660,OVS,GRP,320,CKBPV,,4/22/16 11:56,4/22/16 14:51
174774412,1461340200,1461348840,GRP,OVS,320,CKBPV,,4/22/16 15:50,4/22/16 18:14
174773877,1461353100,1461360600,OVS,AFU,320,CKBPV,,4/22/16 19:25,4/22/16 21:30
174777678,1461382200,1461390000,AFU,OVS,320,CKBPV,,4/23/16 3:30,4/23/16 5:40
174777752,1461399000,1461411900,OVS,PXM,320,CKBPV,,4/23/16 8:10,4/23/16 11:45
174777552,1461415500,1461427800,PXM,OVS,320,CKBPV,,4/23/16 12:45,4/23/16 16:10
174773452,1461323400,1461334320,PTO,OVS,320,XKBPV,,4/22/16 11:10,4/22/16 14:12
174774018,1461337800,1461351120,OVS,AVG,320,XKBPV,,4/22/16 15:10,4/22/16 18:52
174774040,1461354600,1461366900,AVG,OVS,320,XKBPV,,4/22/16 19:50,4/22/16 23:15
174778230,1461395400,1461406500,OVS,DYG,320,XKBPV,,4/23/16 7:10,4/23/16 10:15
174777870,1461410100,1461421500,DYG,OVS,320,XKBPV,,4/23/16 11:15,4/23/16 14:25
174777516,1461389700,1461394800,OVS,QSM,320,YKBPV,,4/23/16 5:35,4/23/16 7:00
174778358,1461398100,1461402900,QSM,OVS,320,YKBPV,,4/23/16 7:55,4/23/16 9:15
174777890,1461408300,1461416700,OVS,VRM,320,YKBPV,,4/23/16 10:45,4/23/16 13:05
174777390,1461421800,1461430500,VRM,OVS,320,YKBPV,,4/23/16 14:30,4/23/16 16:55
174774250,1461323640,1461332220,OVS,KEC,32A,HLBPV,,4/22/16 11:14,4/22/16 13:37
174774138,1461336000,1461344520,KEC,OVS,32A,HLBPV,,4/22/16 14:40,4/22/16 17:02
174773907,1461353100,1461366300,OVS,FGK,32A,HLBPV,,4/22/16 19:25,4/22/16 23:05
174777962,1461370200,1461383700,FGK,OVS,32A,HLBPV,,4/23/16 0:10,4/23/16 3:55
174777936,1461389100,1461397200,OVS,QAA,32A,HLBPV,,4/23/16 5:25,4/23/16 7:40
174777934,1461400200,1461408000,QAA,OVS,32A,HLBPV,,4/23/16 8:30,4/23/16 10:40
174778584,1461411600,1461420000,OVS,RRK,32A,HLBPV,,4/23/16 11:40,4/23/16 14:00
174773426,1461332100,1461338820,OVS,DGK,32A,LLBPV,,4/22/16 13:35,4/22/16 15:27
174773408,1461342600,1461348540,DGK,OVS,32A,LLBPV,,4/22/16 16:30,4/22/16 18:09
174773741,1461353100,1461365100,OVS,SMO,32A,LLBPV,,4/22/16 19:25,4/22/16 22:45
174773610,1461369000,1461381300,SMO,OVS,32A,LLBPV,,4/22/16 23:50,4/23/16 3:15
174777688,1461385800,1461396600,OVS,VIK,32A,LLBPV,,4/23/16 4:30,4/23/16 7:30
174777686,1461400200,1461410700,VIK,OVS,32A,LLBPV,,4/23/16 8:30,4/23/16 11:25
174777832,1461415500,1461423000,OVS,NER,32A,LLBPV,,4/23/16 12:45,4/23/16 14:50
174773414,1461326880,1461336900,JAH,OVS,32A,PLBPV,,4/22/16 12:08,4/22/16 14:55
174774168,1461342000,1461351900,OVS,GRP,32A,PLBPV,,4/22/16 16:20,4/22/16 19:05
174774188,1461366000,1461375000,GRP,OVS,32A,PLBPV,,4/22/16 23:00,4/23/16 1:30
174777488,1461381600,1461391200,OVS,PIS,32A,PLBPV,,4/23/16 3:20,4/23/16 6:00
174777782,1461394200,1461403500,PIS,OVS,32A,PLBPV,,4/23/16 6:50,4/23/16 9:25
174777984,1461407700,1461417300,OVS,PIS,32A,PLBPV,,4/23/16 10:35,4/23/16 13:15
174777976,1461420600,1461429900,PIS,OVS,32A,PLBPV,,4/23/16 14:10,4/23/16 16:45
174774226,1461335100,1461341100,OVS,FUK,32A,RLBPV,,4/22/16 14:25,4/22/16 16:05
174773592,1461344700,1461350460,FUK,OVS,32A,RLBPV,,4/22/16 17:05,4/22/16 18:41
174773735,1461360900,1461372600,OVS,SMO,32A,RLBPV,,4/22/16 21:35,4/23/16 0:50
174777486,1461377400,1461389700,SMO,OVS,32A,RLBPV,,4/23/16 2:10,4/23/16 5:35
174777866,1461393600,1461401700,OVS,VRM,32A,RLBPV,,4/23/16 6:40,4/23/16 8:55
174777750,1461405600,1461414000,VRM,OVS,32A,RLBPV,,4/23/16 10:00,4/23/16 12:20
174777496,1461418500,1461425400,OVS,DGK,32A,RLBPV,,4/23/16 13:35,4/23/16 15:30
174778288,1461384600,1461429300,OVS,VAH,332,XLBPV,,4/23/16 4:10,4/23/16 16:35
174774200,1461298260,1461345120,OVS,VAH,332,YLBPV,,4/22/16 4:11,4/22/16 17:12
174773755,1461349500,1461391200,VAH,OVS,332,YLBPV,,4/22/16 18:25,4/23/16 6:00
174778398,1461402600,1461447900,OVS,XAL,332,YLBPV,,4/23/16 9:10,4/23/16 21:45
174774088,1461319860,1461328920,MAH,OVS,320,EMBPV,,4/22/16 10:11,4/22/16 12:42
174773785,1461348300,1461357000,OVS,VRM,320,EMBPV,,4/22/16 18:05,4/22/16 20:30
174773630,1461369000,1461377700,VRM,OVS,320,EMBPV,,4/22/16 23:50,4/23/16 2:15
174777524,1461390600,1461399000,OVS,XVS,320,EMBPV,,4/23/16 5:50,4/23/16 8:10
174777544,1461402300,1461411300,XVS,OVS,320,EMBPV,,4/23/16 9:05,4/23/16 11:35
174777454,1461414900,1461427200,OVS,ARF,320,EMBPV,,4/23/16 12:35,4/23/16 16:00
174773899,1461327060,1461335520,FXS,OVS,320,FMBPV,,4/22/16 12:11,4/22/16 14:32
174774272,1461344400,1461356400,OVS,ECV,320,FMBPV,,4/22/16 17:00,4/22/16 20:20
174774276,1461362100,1461373200,ECV,OVS,320,FMBPV,,4/22/16 21:55,4/23/16 1:00
174778432,1461385800,1461393600,OVS,FSA,320,FMBPV,,4/23/16 4:30,4/23/16 6:40
174778440,1461397200,1461405300,FSA,OVS,320,FMBPV,,4/23/16 7:40,4/23/16 9:55
174778508,1461411000,1461426000,OVS,REH,320,FMBPV,,4/23/16 11:30,4/23/16 15:40
174773517,1461325380,1461334920,LSO,OVS,32A,LNBPV,,4/22/16 11:43,4/22/16 14:22
174773626,1461338700,1461348300,OVS,LSO,32A,LNBPV,,4/22/16 15:25,4/22/16 18:05
174773897,1461351300,1461360300,LSO,OVS,32A,LNBPV,,4/22/16 18:55,4/22/16 21:25
174773845,1461365100,1461376200,OVS,CGS,32A,LNBPV,,4/22/16 22:45,4/23/16 1:50
174778036,1461380400,1461392100,CGS,OVS,32A,LNBPV,,4/23/16 3:00,4/23/16 6:15
174778144,1461400800,1461405600,OVS,DEL,32A,LNBPV,,4/23/16 8:40,4/23/16 10:00
174777982,1461408600,1461413400,DEL,OVS,32A,LNBPV,,4/23/16 10:50,4/23/16 12:10
174778426,1461421200,1461430800,OVS,PIS,32A,LNBPV,,4/23/16 14:20,4/23/16 17:00
174773728,1461320340,1461335580,URF,OVS,32A,TNBPV,,4/22/16 10:19,4/22/16 14:33
174773939,1461345000,1461354900,OVS,FXS,32A,TNBPV,,4/22/16 17:10,4/22/16 19:55
174774058,1461364200,1461373500,FXS,OVS,32A,TNBPV,,4/22/16 22:30,4/23/16 1:05
174777618,1461380700,1461385500,OVS,DEL,32A,TNBPV,,4/23/16 3:05,4/23/16 4:25
174777836,1461388500,1461393000,DEL,OVS,32A,TNBPV,,4/23/16 5:15,4/23/16 6:30
174777822,1461397500,1461405000,OVS,WAW,32A,TNBPV,,4/23/16 7:45,4/23/16 9:50
174777786,1461408000,1461415200,WAW,OVS,32A,TNBPV,,4/23/16 10:40,4/23/16 12:40
174778322,1461421500,1461427500,OVS,FUK,32A,TNBPV,,4/23/16 14:25,4/23/16 16:05
174774114,1461326700,1461339480,ECN,OVS,321,COBPV,,4/22/16 12:05,4/22/16 15:38
174774242,1461352500,1461361200,OVS,KEC,321,COBPV,,4/22/16 19:15,4/22/16 21:40
174778044,1461379800,1461388500,KEC,OVS,321,COBPV,,4/23/16 2:50,4/23/16 5:15
174777816,1461395700,1461410100,OVS,ECN,321,COBPV,,4/23/16 7:15,4/23/16 11:15
174778196,1461413700,1461426900,ECN,OVS,321,COBPV,,4/23/16 12:15,4/23/16 15:55
174774194,1461331500,1461336060,DEL,OVS,321,EOBPV,,4/22/16 13:25,4/22/16 14:41
174774336,1461343500,1461348600,OVS,DEL,321,EOBPV,,4/22/16 16:45,4/22/16 18:10
174774312,1461351600,1461356400,DEL,OVS,321,EOBPV,,4/22/16 19:00,4/22/16 20:20
174774476,1461324360,1461339000,BVO,OVS,73H,NOBPV,,4/22/16 11:26,4/22/16 15:30
174774072,1461345000,1461355500,OVS,GEB,73H,NOBPV,,4/22/16 17:10,4/22/16 20:05
174773917,1461365400,1461375300,GEB,OVS,73H,NOBPV,,4/22/16 22:50,4/23/16 1:35
174777968,1461388500,1461407700,OVS,BXD,73H,NOBPV,,4/23/16 5:15,4/23/16 10:35
174777528,1461411300,1461431400,BXD,OVS,73H,NOBPV,,4/23/16 11:35,4/23/16 17:10
174774394,1461337500,1461345300,OVS,NRA,320,PQBPV,,4/22/16 15:05,4/22/16 17:15
174774380,1461348300,1461355800,NRA,OVS,320,PQBPV,,4/22/16 18:05,4/22/16 20:10
174778374,1461418200,1461423000,OVS,DEL,320,PQBPV,,4/23/16 13:30,4/23/16 14:50
174774450,1461318300,1461333840,VLT,OVS,321,RQBPV,,4/22/16 9:45,4/22/16 14:04
174774468,1461338100,1461345300,OVS,DGK,321,RQBPV,,4/22/16 15:15,4/22/16 17:15
174774454,1461348600,1461355200,DGK,OVS,321,RQBPV,,4/22/16 18:10,4/22/16 20:00
174777948,1461386100,1461398100,OVS,SUD,321,RQBPV,,4/23/16 4:35,4/23/16 7:55
174777638,1461401100,1461412500,SUD,OVS,321,RQBPV,,4/23/16 8:45,4/23/16 11:55
174778576,1461417900,1461428100,OVS,NVE,321,RQBPV,,4/23/16 13:25,4/23/16 16:15
174773730,1461322500,1461333540,ECV,OVS,320,UQBPV,,4/22/16 10:55,4/22/16 13:59
174774502,1461345000,1461354600,OVS,EIV,320,UQBPV,,4/22/16 17:10,4/22/16 19:50
174774474,1461364200,1461373500,EIV,OVS,320,UQBPV,,4/22/16 22:30,4/23/16 1:05
174778098,1461383400,1461391800,OVS,XVS,320,UQBPV,,4/23/16 3:50,4/23/16 6:10
174777412,1461394800,1461403800,XVS,OVS,320,UQBPV,,4/23/16 7:00,4/23/16 9:30
174778304,1461409200,1461414300,OVS,DEL,320,UQBPV,,4/23/16 11:00,4/23/16 12:25
174778282,1461417900,1461422700,DEL,OVS,320,UQBPV,,4/23/16 13:25,4/23/16 14:45
174774382,1461324300,1461336240,OVS,SUD,320,VQBPV,,4/22/16 11:25,4/22/16 14:44
174774364,1461341100,1461351660,SUD,OVS,320,VQBPV,,4/22/16 16:05,4/22/16 19:01
174774210,1461363600,1461378000,OVS,FOT,320,VQBPV,,4/22/16 22:20,4/23/16 2:20
174777444,1461381600,1461396600,FOT,OVS,320,VQBPV,,4/23/16 3:20,4/23/16 7:30
174778080,1461409500,1461423900,OVS,ECN,320,VQBPV,,4/23/16 11:05,4/23/16 15:05
174774208,1461327840,1461332580,OVS,DEL,320,WQBPV,,4/22/16 12:24,4/22/16 13:43
174774228,1461336300,1461340800,DEL,OVS,320,WQBPV,,4/22/16 14:45,4/22/16 16:00
174773967,1461351000,1461358200,OVS,VOR,320,WQBPV,,4/22/16 18:50,4/22/16 20:50
174778284,1461380400,1461387600,VOR,OVS,320,WQBPV,,4/23/16 3:00,4/23/16 5:00
174778524,1461392400,1461398100,OVS,XIR,320,WQBPV,,4/23/16 6:20,4/23/16 7:55
174777748,1461401100,1461406800,XIR,OVS,320,WQBPV,,4/23/16 8:45,4/23/16 10:20
174778038,1461414300,1461424200,OVS,FXS,320,WQBPV,,4/23/16 12:25,4/23/16 15:10
174773839,1461320400,1461335340,NCB,OVS,321,XQBPV,,4/22/16 10:20,4/22/16 14:29
174773392,1461348000,1461352800,OVS,DEL,321,XQBPV,,4/22/16 18:00,4/22/16 19:20
174777468,1461381300,1461385800,DEL,OVS,321,XQBPV,,4/23/16 3:15,4/23/16 4:30
174778114,1461390600,1461404400,OVS,OCF,321,XQBPV,,4/23/16 5:50,4/23/16 9:40
174778542,1461408000,1461421500,OCF,OVS,321,XQBPV,,4/23/16 10:40,4/23/16 14:25
174773420,1461322380,1461329820,NRA,OVS,73H,FRBPV,,4/22/16 10:53,4/22/16 12:57
174773558,1461337200,1461356700,OVS,PGA,73H,FRBPV,,4/22/16 15:00,4/22/16 20:25
174773552,1461360300,1461378600,PGA,OVS,73H,FRBPV,,4/22/16 21:25,4/23/16 2:30
174778286,1461388800,1461403200,OVS,HTA,73H,FRBPV,,4/23/16 5:20,4/23/16 9:20
174778298,1461407400,1461421200,HTA,OVS,73H,FRBPV,,4/23/16 10:30,4/23/16 14:20
174774366,1461308280,1461328740,OVS,PGA,73H,HRBPV,,4/22/16 6:58,4/22/16 12:39
174774372,1461332700,1461350700,PGA,OVS,73H,HRBPV,,4/22/16 13:45,4/22/16 18:45
174777442,1461421500,1461441600,OVS,TKI,73H,HRBPV,,4/23/16 14:25,4/23/16 20:00
174773891,1461331800,1461344700,OCF,OVS,73H,RRBPV,,4/22/16 13:30,4/22/16 17:05
174773506,1461358500,1461378600,OVS,TKI,73H,RRBPV,,4/22/16 20:55,4/23/16 2:30
174778400,1461384000,1461405900,TKI,OVS,73H,RRBPV,,4/23/16 4:00,4/23/16 10:05
174778100,1461411600,1461419700,OVS,FSA,73H,RRBPV,,4/23/16 11:40,4/23/16 13:55
177411969,1461331200,1461338880,OVS,WAW,321,WRBPV,,4/22/16 13:20,4/22/16 15:28
174774064,1461336000,1461342600,OVS,GOV,320,XRBPV,,4/22/16 14:40,4/22/16 16:30
174773624,1461345600,1461351900,GOV,OVS,320,XRBPV,,4/22/16 17:20,4/22/16 19:05
174774184,1461359100,1461367500,OVS,RRK,320,XRBPV,,4/22/16 21:05,4/22/16 23:25
174778248,1461370500,1461378300,RRK,OVS,320,XRBPV,,4/23/16 0:15,4/23/16 2:25
174777714,1461391500,1461398700,OVS,VOR,320,XRBPV,,4/23/16 6:05,4/23/16 8:05
174778042,1461402300,1461408900,VOR,OVS,320,XRBPV,,4/23/16 9:05,4/23/16 10:55
174777682,1461414900,1461420300,OVS,NZK,320,XRBPV,,4/23/16 12:35,4/23/16 14:05
174774044,1461321120,1461333120,AVG,OVS,320,YRBPV,,4/22/16 10:32,4/22/16 13:52
174774162,1461339000,1461351300,OVS,HRZ,320,YRBPV,,4/22/16 15:30,4/22/16 18:55
174774180,1461357300,1461368700,HRZ,OVS,320,YRBPV,,4/22/16 20:35,4/22/16 23:45
174778526,1461381900,1461390000,OVS,QAA,320,YRBPV,,4/23/16 3:25,4/23/16 5:40
174778104,1461393300,1461400800,QAA,OVS,320,YRBPV,,4/23/16 6:35,4/23/16 8:40
174778314,1461407100,1461423600,OVS,NCB,320,YRBPV,,4/23/16 10:25,4/23/16 15:00
174774278,1461331800,1461336480,OVS,DEL,320,ZRBPV,,4/22/16 13:30,4/22/16 14:48
174774290,1461339900,1461344400,DEL,OVS,320,ZRBPV,,4/22/16 15:45,4/22/16 17:00
174777898,1461382500,1461388500,OVS,FUK,320,ZRBPV,,4/23/16 3:35,4/23/16 5:15
174777886,1461392400,1461398400,FUK,OVS,320,ZRBPV,,4/23/16 6:20,4/23/16 8:00
174778208,1461403500,1461411900,OVS,RRK,320,ZRBPV,,4/23/16 9:25,4/23/16 11:45
174778204,1461415500,1461423600,RRK,OVS,320,ZRBPV,,4/23/16 12:45,4/23/16 15:00
174773366,1461329700,1461338040,OVS,REA,321,GTBPV,,4/22/16 12:55,4/22/16 15:14
174773534,1461343500,1461352140,REA,OVS,321,GTBPV,,4/22/16 16:45,4/22/16 19:09
174773988,1461358200,1461370500,OVS,EST,321,GTBPV,,4/22/16 20:50,4/23/16 0:15
174777882,1461374700,1461387900,EST,OVS,321,GTBPV,,4/23/16 1:25,4/23/16 5:05
174778148,1461396900,1461406500,OVS,PIS,321,GTBPV,,4/23/16 7:35,4/23/16 10:15
174777746,1461412500,1461422100,PIS,OVS,321,GTBPV,,4/23/16 11:55,4/23/16 14:35
174773827,1461325740,1461338760,TSI,OVS,32A,ITBPV,,4/22/16 11:49,4/22/16 15:26
174773521,1461348000,1461357900,OVS,PIS,32A,ITBPV,,4/22/16 18:00,4/22/16 20:45
174773638,1461367500,1461376800,PIS,OVS,32A,ITBPV,,4/22/16 23:25,4/23/16 2:00
174778164,1461388200,1461397800,OVS,PIS,32A,ITBPV,,4/23/16 5:10,4/23/16 7:50
174777994,1461402000,1461411600,PIS,OVS,32A,ITBPV,,4/23/16 9:00,4/23/16 11:40
174778078,1461419100,1461427200,OVS,VRM,32A,ITBPV,,4/23/16 13:45,4/23/16 16:00
174774416,1461342300,1461356700,OVS,RHL,321,LTBPV,,4/22/16 16:25,4/22/16 20:25
174774462,1461361500,1461374700,RHL,OVS,321,LTBPV,,4/22/16 21:45,4/23/16 1:25
174778500,1461390900,1461399900,OVS,REA,321,LTBPV,,4/23/16 5:55,4/23/16 8:25
174778348,1461405300,1461414300,REA,OVS,321,LTBPV,,4/23/16 9:55,4/23/16 12:25
174778316,1461420900,1461425700,OVS,DEL,321,LTBPV,,4/23/16 14:15,4/23/16 15:35
174773684,1461325620,1461335160,PIS,OVS,321,RTBPV,,4/22/16 11:47,4/22/16 14:26
174774234,1461338400,1461343200,OVS,DEL,321,MUBPV,,4/22/16 15:20,4/22/16 16:40
174774322,1461346500,1461351060,DEL,OVS,321,MUBPV,,4/22/16 17:35,4/22/16 18:51
174773574,1461360600,1461366000,OVS,NZK,321,MUBPV,,4/22/16 21:30,4/22/16 23:00
174777648,1461376800,1461382200,NZK,OVS,321,MUBPV,,4/23/16 2:00,4/23/16 3:30
174777784,1461392700,1461404700,OVS,ECV,321,MUBPV,,4/23/16 6:25,4/23/16 9:45
174777798,1461408900,1461420300,ECV,OVS,321,MUBPV,,4/23/16 10:55,4/23/16 14:05
174774052,1461323760,1461332940,DUB,OVS,321,PUBPV,,4/22/16 11:16,4/22/16 13:49
174773668,1461337200,1461346800,OVS,DUB,321,PUBPV,,4/22/16 15:00,4/22/16 17:40
174773662,1461349800,1461358500,DUB,OVS,321,PUBPV,,4/22/16 18:30,4/22/16 20:55
174777558,1461384600,1461389400,OVS,DEL,321,PUBPV,,4/23/16 4:10,4/23/16 5:30
174778592,1461392700,1461397200,DEL,OVS,321,PUBPV,,4/23/16 6:25,4/23/16 7:40
174777622,1461404100,1461413100,OVS,REA,321,PUBPV,,4/23/16 9:35,4/23/16 12:05
174777590,1461417300,1461426000,REA,OVS,321,PUBPV,,4/23/16 13:15,4/23/16 15:40
174774010,1461329400,1461337620,OVS,XVS,320,DWBPV,,4/22/16 12:50,4/22/16 15:07
174774036,1461340800,1461349440,XVS,OVS,320,DWBPV,,4/22/16 16:00,4/22/16 18:24
174774178,1461353400,1461369000,OVS,ZON,320,DWBPV,,4/22/16 19:30,4/22/16 23:50
174778356,1461372900,1461389100,ZON,OVS,320,DWBPV,,4/23/16 0:55,4/23/16 5:25
174778020,1461393300,1461403200,OVS,FXS,320,DWBPV,,4/23/16 6:35,4/23/16 9:20
174778184,1461406200,1461415500,FXS,OVS,320,DWBPV,,4/23/16 10:10,4/23/16 12:45
174773769,1461326580,1461337320,ARF,OVS,320,EWBPV,,4/22/16 12:03,4/22/16 15:02
174778028,1461386400,1461396300,OVS,GRP,320,EWBPV,,4/23/16 4:40,4/23/16 7:25
174778016,1461399300,1461408600,GRP,OVS,320,EWBPV,,4/23/16 8:15,4/23/16 10:50
174778498,1461412800,1461423000,OVS,GRP,320,EWBPV,,4/23/16 12:00,4/23/16 14:50
174774390,1461323280,1461338100,OVS,GDC,320,FWBPV,,4/22/16 11:08,4/22/16 15:15
174774224,1461341400,1461354300,GDC,OVS,320,FWBPV,,4/22/16 16:10,4/22/16 19:45
174777788,1461387900,1461402600,OVS,URF,320,FWBPV,,4/23/16 5:05,4/23/16 9:10
174777796,1461406800,1461423300,URF,OVS,320,FWBPV,,4/23/16 10:20,4/23/16 14:55
174774220,1461334500,1461339180,OVS,DEL,321,NWBPV,,4/22/16 14:15,4/22/16 15:33
174774248,1461342600,1461347160,DEL,OVS,321,NWBPV,,4/22/16 16:30,4/22/16 17:46
174773434,1461351900,1461366900,OVS,URF,321,NWBPV,,4/22/16 19:05,4/22/16 23:15
174777476,1461370800,1461387000,URF,OVS,321,NWBPV,,4/23/16 0:20,4/23/16 4:50
174778574,1461392400,1461402300,OVS,EIV,321,NWBPV,,4/23/16 6:20,4/23/16 9:05
174778506,1461405900,1461415200,EIV,OVS,321,NWBPV,,4/23/16 10:05,4/23/16 12:40
174774470,1461319260,1461334320,OVS,VLT,321,OWBPV,,4/22/16 10:01,4/22/16 14:12
174773346,1461339600,1461354300,VLT,OVS,321,OWBPV,,4/22/16 15:40,4/22/16 19:45
174774340,1461363000,1461378300,OVS,VLT,321,OWBPV,,4/22/16 22:10,4/23/16 2:25
174777596,1461383700,1461398700,VLT,OVS,321,OWBPV,,4/23/16 3:55,4/23/16 8:05
174778236,1461403200,1461419400,OVS,NCB,321,OWBPV,,4/23/16 9:20,4/23/16 13:50
174777576,1461423000,1461438300,NCB,OVS,321,OWBPV,,4/23/16 14:50,4/23/16 19:05
174774206,1461320520,1461334320,HTA,OVS,73H,AZBPV,,4/22/16 10:22,4/22/16 14:12
174774428,1461339600,1461359700,OVS,BXD,73H,AZBPV,,4/22/16 15:40,4/22/16 21:15
174774022,1461363900,1461383400,BXD,OVS,73H,AZBPV,,4/22/16 22:25,4/23/16 3:50
174777740,1461390300,1461403500,OVS,TYA,73H,AZBPV,,4/23/16 5:45,4/23/16 9:25
174778006,1461407100,1461420000,TYA,OVS,73H,AZBPV,,4/23/16 10:25,4/23/16 14:00
174773372,1461335100,1461355200,OVS,TKI,73H,BZBPV,,4/22/16 14:25,4/22/16 20:00
174774442,1461360600,1461382200,TKI,OVS,73H,BZBPV,,4/22/16 21:30,4/23/16 3:30
174778258,1461392100,1461406500,OVS,BVO,73H,BZBPV,,4/23/16 6:15,4/23/16 10:15
174778560,1461410700,1461426000,BVO,OVS,73H,BZBPV,,4/23/16 11:25,4/23/16 15:40
174773360,1461340200,1461352500,OVS,ARF,320,OZBPV,,4/22/16 15:50,4/22/16 19:15
174773825,1461356700,1461367800,ARF,OVS,320,OZBPV,,4/22/16 20:25,4/22/16 23:30
174773823,1461321540,1461329220,OVS,VRM,320,PZBPV,,4/22/16 10:39,4/22/16 12:47
174773324,1461336300,1461344820,VRM,OVS,320,PZBPV,,4/22/16 14:45,4/22/16 17:07
174774308,1461349500,1461364800,OVS,JEK,320,PZBPV,,4/22/16 18:25,4/22/16 22:40
174774294,1461369000,1461384600,JEK,OVS,320,PZBPV,,4/22/16 23:50,4/23/16 4:10
174777586,1461391500,1461397500,OVS,LLT,320,PZBPV,,4/23/16 6:05,4/23/16 7:45
174777420,1461400500,1461406200,LLT,OVS,320,PZBPV,,4/23/16 8:35,4/23/16 10:10
174777698,1461410400,1461424500,OVS,ACL,320,PZBPV,,4/23/16 11:20,4/23/16 15:15
174774280,1461324660,1461336240,OVS,CUM,320,QZBPV,,4/22/16 11:31,4/22/16 14:44
174774286,1461339300,1461349200,CUM,OVS,320,QZBPV,,4/22/16 15:35,4/22/16 18:20
174773791,1461354000,1461360300,OVS,GOV,320,QZBPV,,4/22/16 19:40,4/22/16 21:25
174777754,1461380700,1461387300,GOV,OVS,320,QZBPV,,4/23/16 3:05,4/23/16 4:55
174777738,1461395100,1461408000,OVS,TSI,320,QZBPV,,4/23/16 7:05,4/23/16 10:40
174777894,1461412500,1461424800,TSI,OVS,320,QZBPV,,4/23/16 11:55,4/23/16 15:20
174773965,1461327720,1461337380,OVS,FXS,320,RZBPV,,4/22/16 12:22,4/22/16 15:03
174774346,1461340800,1461349800,FXS,OVS,320,RZBPV,,4/22/16 16:00,4/22/16 18:30
174773382,1461353400,1461362400,OVS,REA,320,RZBPV,,4/22/16 19:30,4/22/16 22:00
174773805,1461368700,1461377400,REA,OVS,320,RZBPV,,4/22/16 23:45,4/23/16 2:10
174778390,1461390000,1461399600,OVS,MJT,320,RZBPV,,4/23/16 5:40,4/23/16 8:20
174778370,1461403200,1461413700,MJT,OVS,320,RZBPV,,4/23/16 9:20,4/23/16 12:15
174773634,1461324240,1461337980,OVS,ACL,320,XABQV,,4/22/16 11:24,4/22/16 15:13
174773504,1461342000,1461355500,ACL,OVS,320,XABQV,,4/22/16 16:20,4/22/16 20:05
174778056,1461387900,1461400200,OVS,ARF,320,XABQV,,4/23/16 5:05,4/23/16 8:30
174778210,1461403500,1461414300,ARF,OVS,320,XABQV,,4/23/16 9:25,4/23/16 12:25
174778568,1461420300,1461427500,OVS,VOR,320,XABQV,,4/23/16 14:05,4/23/16 16:05
174774060,1461325200,1461331440,OVS,CBN,320,YABQV,,4/22/16 11:40,4/22/16 13:24
174774056,1461336000,1461342060,CBN,OVS,320,YABQV,,4/22/16 14:40,4/22/16 16:21
174774452,1461349800,1461364200,OVS,BVO,320,YABQV,,4/22/16 18:30,4/22/16 22:30
174774472,1461369000,1461384000,BVO,OVS,320,YABQV,,4/22/16 23:50,4/23/16 4:00
174777474,1461389400,1461402000,OVS,URB,320,YABQV,,4/23/16 5:30,4/23/16 9:00
174777650,1461405600,1461417600,URB,OVS,320,YABQV,,4/23/16 10:00,4/23/16 13:20
174774118,1461325020,1461333960,GRP,OVS,320,ZABQV,,4/22/16 11:37,4/22/16 14:06
174774002,1461339600,1461353400,OVS,OCF,320,ZABQV,,4/22/16 15:40,4/22/16 19:30
174774142,1461362700,1461375600,OCF,OVS,320,ZABQV,,4/22/16 22:05,4/23/16 1:40
174778188,1461387000,1461402900,OVS,ALA,320,ZABQV,,4/23/16 4:50,4/23/16 9:15
174778192,1461406800,1461424500,ALA,OVS,320,ZABQV,,4/23/16 10:20,4/23/16 15:15
174773438,1461319320,1461332400,RHL,OVS,320,BBBQV,,4/22/16 10:02,4/22/16 13:40
174773861,1461336900,1461351000,OVS,GDC,320,BBBQV,,4/22/16 14:55,4/22/16 18:50
174774370,1461360600,1461373200,GDC,OVS,320,BBBQV,,4/22/16 21:30,4/23/16 1:00
174778332,1461380700,1461389100,OVS,RRK,320,BBBQV,,4/23/16 3:05,4/23/16 5:25
174778140,1461396300,1461405000,RRK,OVS,320,BBBQV,,4/23/16 7:25,4/23/16 9:50
174778480,1461409500,1461423600,OVS,GDC,320,BBBQV,,4/23/16 11:05,4/23/16 15:00
174774046,1461314700,1461329340,OVS,GDC,320,CBBQV,,4/22/16 8:45,4/22/16 12:49
174774160,1461333300,1461345360,GDC,OVS,320,CBBQV,,4/22/16 13:55,4/22/16 17:16
174774008,1461351000,1461366000,OVS,XAB,320,CBBQV,,4/22/16 18:50,4/22/16 23:00
174777848,1461370500,1461386400,XAB,OVS,320,CBBQV,,4/23/16 0:15,4/23/16 4:40
174778544,1461394800,1461407700,OVS,HRZ,320,CBBQV,,4/23/16 7:00,4/23/16 10:35
174778548,1461410700,1461423000,HRZ,OVS,320,CBBQV,,4/23/16 11:25,4/23/16 14:50
174774302,1461315660,1461360300,OVS,XAL,332,EBBQV,,4/22/16 9:01,4/22/16 21:25
174773998,1461367500,1461411900,XAL,OVS,332,EBBQV,,4/22/16 23:25,4/23/16 11:45
174774028,1461308760,1461354300,OVS,AIM,332,FBBQV,,4/22/16 7:06,4/22/16 19:45
174774426,1461359100,1461399000,AIM,OVS,332,FBBQV,,4/22/16 21:05,4/23/16 8:10
174778102,1461405000,1461448800,OVS,AIM,332,FBBQV,,4/23/16 9:50,4/23/16 22:00
174773542,1461348600,1461382200,OVS,KKB,332,GBBQV,,4/22/16 18:10,4/23/16 3:30
174777634,1461388200,1461423300,KKB,OVS,332,GBBQV,,4/23/16 5:10,4/23/16 14:55
174774482,1461333900,1461340560,OVS,VOR,320,MCBQV,,4/22/16 14:05,4/22/16 15:56
174773646,1461344700,1461351840,VOR,OVS,320,MCBQV,,4/22/16 17:05,4/22/16 19:04
174773889,1461359400,1461370200,OVS,DYG,320,MCBQV,,4/22/16 21:10,4/23/16 0:10
174777792,1461373800,1461384900,DYG,OVS,320,MCBQV,,4/23/16 1:10,4/23/16 4:15
174778354,1461387900,1461400200,OVS,QLB,320,MCBQV,,4/23/16 5:05,4/23/16 8:30
174778360,1461403800,1461415500,QLB,OVS,320,MCBQV,,4/23/16 9:30,4/23/16 12:45
174777914,1461420000,1461430200,OVS,GRP,320,MCBQV,,4/23/16 14:00,4/23/16 16:50
174773803,1461323580,1461334380,DYG,OVS,320,NCBQV,,4/22/16 11:13,4/22/16 14:13
174773931,1461340800,1461345000,OVS,JOG,320,NCBQV,,4/22/16 16:00,4/22/16 17:10
174774074,1461348300,1461351900,JOG,OVS,320,NCBQV,,4/22/16 18:05,4/22/16 19:05
174773490,1461356700,1461365700,OVS,KMM,320,NCBQV,,4/22/16 20:25,4/22/16 22:55
174773334,1461369300,1461378000,KMM,OVS,320,NCBQV,,4/22/16 23:55,4/23/16 2:20
174778308,1461386100,1461401100,OVS,RHL,320,NCBQV,,4/23/16 4:35,4/23/16 8:45
174778138,1461405900,1461419400,RHL,OVS,320,NCBQV,,4/23/16 10:05,4/23/16 13:50
174777410,1461423300,1461438300,OVS,RHL,320,NCBQV,,4/23/16 14:55,4/23/16 19:05
174773829,1461317160,1461344640,OVS,KEP,333,QCBQV,,4/22/16 9:26,4/22/16 17:04
174773500,1461349800,1461378600,KEP,OVS,333,QCBQV,,4/22/16 18:30,4/23/16 2:30
174778280,1461392400,1461424500,OVS,GVP,333,QCBQV,,4/23/16 6:20,4/23/16 15:15
174774414,1461296880,1461331680,NCI,OVS,333,UCBQV,,4/22/16 3:48,4/22/16 13:28
174773761,1461347400,1461377400,OVS,OVV,333,UCBQV,,4/22/16 17:50,4/23/16 2:10
174777828,1461383700,1461416100,OVV,OVS,333,UCBQV,,4/23/16 3:55,4/23/16 12:55
174774486,1461295140,1461331140,NAC,OVS,333,VCBQV,,4/22/16 3:19,4/22/16 13:19
174773516,1461328080,1461338460,RTS,OVS,321,AEBQV,,4/22/16 12:28,4/22/16 15:21
174773396,1461345900,1461351000,OVS,DEL,321,AEBQV,,4/22/16 17:25,4/22/16 18:50
174773390,1461354600,1461359100,DEL,OVS,321,AEBQV,,4/22/16 19:50,4/22/16 21:05
174778046,1461385500,1461392400,OVS,DGK,321,AEBQV,,4/23/16 4:25,4/23/16 6:20
174778586,1461395700,1461402300,DGK,OVS,321,AEBQV,,4/23/16 7:15,4/23/16 9:05
174777614,1461411300,1461420300,OVS,REA,321,AEBQV,,4/23/16 11:35,4/23/16 14:05
174773523,1461330900,1461339540,REA,OVS,321,DEBQV,,4/22/16 13:15,4/22/16 15:39
174773594,1461348900,1461364800,OVS,ALA,321,DEBQV,,4/22/16 18:15,4/22/16 22:40
174773544,1461369000,1461386700,ALA,OVS,321,DEBQV,,4/22/16 23:50,4/23/16 4:45
174778240,1461395100,1461409200,OVS,ACL,321,DEBQV,,4/23/16 7:05,4/23/16 11:00
174778086,1461412800,1461426300,ACL,OVS,321,DEBQV,,4/23/16 12:00,4/23/16 15:45
174774348,1461318180,1461330600,GDC,OVS,321,EEBQV,,4/22/16 9:43,4/22/16 13:10
174774270,1461337800,1461342900,OVS,QSM,321,EEBQV,,4/22/16 15:10,4/22/16 16:35
174774050,1461347100,1461351900,QSM,OVS,321,EEBQV,,4/22/16 17:45,4/22/16 19:05
174773706,1461356100,1461360900,OVS,DEL,321,EEBQV,,4/22/16 20:15,4/22/16 21:35
174777758,1461377400,1461381900,DEL,OVS,321,EEBQV,,4/23/16 2:10,4/23/16 3:25
174778306,1461393000,1461405600,OVS,SMA,321,EEBQV,,4/23/16 6:30,4/23/16 10:00
174778310,1461409500,1461420900,SMA,OVS,321,EEBQV,,4/23/16 11:05,4/23/16 14:15
174774490,1461331500,1461341280,OVS,NVE,321,FEBQV,,4/22/16 13:25,4/22/16 16:08
174774334,1461345300,1461356280,NVE,OVS,321,FEBQV,,4/22/16 17:15,4/22/16 20:18
174778462,1461387000,1461401100,OVS,GDC,321,FEBQV,,4/23/16 4:50,4/23/16 8:45
174777776,1461404700,1461417600,GDC,OVS,321,FEBQV,,4/23/16 9:45,4/23/16 13:20
174778562,1461422700,1461431400,OVS,REA,321,FEBQV,,4/23/16 14:45,4/23/16 17:10
174773745,1461326580,1461339660,OVS,SMA,321,GEBQV,,4/22/16 12:03,4/22/16 15:41
174773765,1461341400,1461352800,SMA,OVS,321,GEBQV,,4/22/16 16:10,4/22/16 19:20
174774108,1461359100,1461367800,OVS,KEC,321,GEBQV,,4/22/16 21:05,4/22/16 23:30
174778034,1461370800,1461379500,KEC,OVS,321,GEBQV,,4/23/16 0:20,4/23/16 2:45
174777684,1461386400,1461402900,OVS,NCB,321,GEBQV,,4/23/16 4:40,4/23/16 9:15
174777906,1461406500,1461422400,NCB,OVS,321,GEBQV,,4/23/16 10:15,4/23/16 14:40
174773584,1461319620,1461330720,URB,OVS,320,HEBQV,,4/22/16 10:07,4/22/16 13:12
174773660,1461337200,1461351600,OVS,ECN,320,HEBQV,,4/22/16 15:00,4/22/16 19:00
174773554,1461361200,1461374100,ECN,OVS,320,HEBQV,,4/22/16 21:40,4/23/16 1:15
174778494,1461388800,1461400500,OVS,FOS,320,HEBQV,,4/23/16 5:20,4/23/16 8:35
174777628,1461403800,1461414900,FOS,OVS,320,HEBQV,,4/23/16 9:30,4/23/16 12:35
174774216,1461325380,1461336240,SMA,OVS,321,IEBQV,,4/22/16 11:43,4/22/16 14:44
174773795,1461344100,1461356700,OVS,SMA,321,IEBQV,,4/22/16 16:55,4/22/16 20:25
174773813,1461363300,1461374700,SMA,OVS,321,IEBQV,,4/22/16 22:15,4/23/16 1:25
174777930,1461382500,1461389700,OVS,AFU,321,IEBQV,,4/23/16 3:35,4/23/16 5:35
174777472,1461393300,1461400800,AFU,OVS,321,IEBQV,,4/23/16 6:35,4/23/16 8:40
174778554,1461405000,1461420300,OVS,VLT,321,IEBQV,,4/23/16 9:50,4/23/16 14:05
174774122,1461329100,1461337200,RRK,OVS,320,JEBQV,,4/22/16 12:45,4/22/16 15:00
174773344,1461345000,1461354300,OVS,HPC,320,JEBQV,,4/22/16 17:10,4/22/16 19:45
174773348,1461363000,1461371700,HPC,OVS,320,JEBQV,,4/22/16 22:10,4/23/16 0:35
174778376,1461411300,1461422700,OVS,CUM,320,JEBQV,,4/23/16 11:35,4/23/16 14:45
174773568,1461302340,1461336900,KKB,OVS,333,KEBQV,,4/22/16 5:19,4/22/16 14:55
174773470,1461348300,1461362400,OVS,SAT,333,KEBQV,,4/22/16 18:05,4/22/16 22:00
174773442,1461369600,1461385200,SAT,OVS,333,KEBQV,,4/23/16 0:00,4/23/16 4:20
174773540,1461296760,1461333540,TKH,OVS,333,LEBQV,,4/22/16 3:46,4/22/16 13:59
174774434,1461341400,1461356400,OVS,VLT,333,LEBQV,,4/22/16 16:10,4/22/16 20:20
174774152,1461362700,1461377400,VLT,OVS,333,LEBQV,,4/22/16 22:05,4/23/16 2:10
174777996,1461395100,1461409500,OVS,RHL,333,LEBQV,,4/23/16 7:05,4/23/16 11:05
174777972,1461414300,1461427800,RHL,OVS,333,LEBQV,,4/23/16 12:25,4/23/16 16:10
174773775,1461328140,1461338580,OVS,EIV,321,KHBQV,,4/22/16 12:29,4/22/16 15:23
174773783,1461341400,1461350700,EIV,OVS,321,KHBQV,,4/22/16 16:10,4/22/16 18:45
174773817,1461360000,1461374100,OVS,BVO,321,KHBQV,,4/22/16 21:20,4/23/16 1:15
174777900,1461378300,1461393600,BVO,OVS,321,KHBQV,,4/23/16 2:25,4/23/16 6:40
174778122,1461401100,1461415200,OVS,GDC,321,KHBQV,,4/23/16 8:45,4/23/16 12:40
174778244,1461419700,1461432600,GDC,OVS,321,KHBQV,,4/23/16 13:55,4/23/16 17:30
174773560,1461321720,1461332460,CUM,OVS,320,LHBQV,,4/22/16 10:42,4/22/16 13:41
174773945,1461335700,1461342960,OVS,WTS,320,LHBQV,,4/22/16 14:35,4/22/16 16:36
174773851,1461348000,1461356220,WTS,OVS,320,LHBQV,,4/22/16 18:00,4/22/16 20:17
174773712,1461364800,1461371700,OVS,EEP,320,LHBQV,,4/22/16 22:40,4/23/16 0:35
174777668,1461375000,1461382500,EEP,OVS,320,LHBQV,,4/23/16 1:30,4/23/16 3:35
174778032,1461389700,1461402600,OVS,PXM,320,LHBQV,,4/23/16 5:35,4/23/16 9:10
174778182,1461406500,1461418800,PXM,OVS,320,LHBQV,,4/23/16 10:15,4/23/16 13:40
174777928,1461423000,1461432000,OVS,TSV,320,LHBQV,,4/23/16 14:50,4/23/16 17:20
174774012,1461325740,1461339720,ACL,OVS,321,MHBQV,,4/22/16 11:49,4/22/16 15:42
174773652,1461349200,1461357600,OVS,XVS,321,MHBQV,,4/22/16 18:20,4/22/16 20:40
174777712,1461381600,1461390300,XVS,OVS,321,MHBQV,,4/23/16 3:20,4/23/16 5:45
174777860,1461398100,1461402900,OVS,DEL,321,MHBQV,,4/23/16 7:55,4/23/16 9:15
174778000,1461405900,1461410400,DEL,OVS,321,MHBQV,,4/23/16 10:05,4/23/16 11:20
174777436,1461416100,1461425100,OVS,REA,321,MHBQV,,4/23/16 12:55,4/23/16 15:25
174773384,1461328500,1461340620,OVS,ARF,320,NHBQV,,4/22/16 12:35,4/22/16 15:57
174773564,1461343800,1461354600,ARF,OVS,320,NHBQV,,4/22/16 16:50,4/22/16 19:50
174778014,1461380400,1461394800,OVS,RHL,320,NHBQV,,4/23/16 3:00,4/23/16 7:00
174778178,1461398100,1461411600,RHL,OVS,320,NHBQV,,4/23/16 7:55,4/23/16 11:40
174778084,1461415800,1461424200,OVS,XVS,320,NHBQV,,4/23/16 12:50,4/23/16 15:10
174773847,1461333600,1461343740,OVS,GRP,320,RIBQV,,4/22/16 14:00,4/22/16 16:49
174774362,1461347400,1461356700,GRP,OVS,320,RIBQV,,4/22/16 17:50,4/22/16 20:25
174773779,1461361800,1461376500,OVS,XAB,320,RIBQV,,4/22/16 21:50,4/23/16 1:55
174777616,1461380100,1461395400,XAB,OVS,320,RIBQV,,4/23/16 2:55,4/23/16 7:10
174777970,1461400500,1461410400,OVS,FXS,320,RIBQV,,4/23/16 8:35,4/23/16 11:20
174777966,1461413400,1461422700,FXS,OVS,320,RIBQV,,4/23/16 12:10,4/23/16 14:45
174774444,1461326580,1461338760,OVS,VIT,320,TIBQV,,4/22/16 12:03,4/22/16 15:26
174774420,1461342600,1461354900,VIT,OVS,320,TIBQV,,4/22/16 16:30,4/22/16 19:55
174773474,1461364500,1461369000,OVS,DEL,320,TIBQV,,4/22/16 22:35,4/22/16 23:50
174777532,1461372600,1461377100,DEL,OVS,320,TIBQV,,4/23/16 0:50,4/23/16 2:05
174778024,1461393600,1461399900,OVS,GOV,320,TIBQV,,4/23/16 6:40,4/23/16 8:25
174778186,1461403500,1461409800,GOV,OVS,320,TIBQV,,4/23/16 9:25,4/23/16 11:10
174778300,1461414300,1461419100,OVS,DEL,320,TIBQV,,4/23/16 12:25,4/23/16 13:45
174778324,1461422700,1461427200,DEL,OVS,320,TIBQV,,4/23/16 14:45,4/23/16 16:00
174774396,1461326460,1461338400,GDC,OVS,320,UIBQV,,4/22/16 12:01,4/22/16 15:20
174773454,1461343200,1461354600,OVS,CUM,320,UIBQV,,4/22/16 16:40,4/22/16 19:50
174773446,1461360000,1461370200,CUM,OVS,320,UIBQV,,4/22/16 21:20,4/23/16 0:10
174777938,1461390600,1461405600,OVS,RHL,320,UIBQV,,4/23/16 5:50,4/23/16 10:00
174778012,1461408600,1461421800,RHL,OVS,320,UIBQV,,4/23/16 10:50,4/23/16 14:30
174773694,1461351600,1461357900,OVS,FUK,320,VIBQV,,4/22/16 19:00,4/22/16 20:45
174777924,1461377100,1461382800,FUK,OVS,320,VIBQV,,4/23/16 2:05,4/23/16 3:40
174777800,1461392700,1461402900,OVS,MAH,320,VIBQV,,4/23/16 6:25,4/23/16 9:15
174778168,1461406500,1461416100,MAH,OVS,320,VIBQV,,4/23/16 10:15,4/23/16 12:55
174778018,1461422100,1461430200,OVS,WTS,320,VIBQV,,4/23/16 14:35,4/23/16 16:50
174773616,1461328500,1461333900,OVS,NZK,320,WIBQV,,4/22/16 12:35,4/22/16 14:05
174773606,1461339300,1461344520,NZK,OVS,320,WIBQV,,4/22/16 15:35,4/22/16 17:02
174774078,1461355500,1461361800,OVS,CBN,320,WIBQV,,4/22/16 20:05,4/22/16 21:50
174778174,1461376800,1461383100,CBN,OVS,320,WIBQV,,4/23/16 2:00,4/23/16 3:45
174778490,1461393300,1461404700,OVS,CUM,320,WIBQV,,4/23/16 6:35,4/23/16 9:45
174777626,1461407700,1461418200,CUM,OVS,320,WIBQV,,4/23/16 10:35,4/23/16 13:30
174778142,1461422400,1461429000,OVS,GOV,320,WIBQV,,4/23/16 14:40,4/23/16 16:30
174774100,1461320100,1461331860,PXM,OVS,320,SKBQV,,4/22/16 10:15,4/22/16 13:31
174773726,1461337500,1461345000,OVS,WAW,320,SKBQV,,4/22/16 15:05,4/22/16 17:10
174773704,1461348900,1461355800,WAW,OVS,320,SKBQV,,4/22/16 18:15,4/22/16 20:10
174774120,1461362100,1461372300,OVS,NVE,320,SKBQV,,4/22/16 21:55,4/23/16 0:45
174777812,1461376800,1461387000,NVE,OVS,320,SKBQV,,4/23/16 2:00,4/23/16 4:50
174778118,1461395700,1461408000,OVS,ARF,320,SKBQV,,4/23/16 7:15,4/23/16 10:40
174777838,1461413100,1461423900,ARF,OVS,320,SKBQV,,4/23/16 12:05,4/23/16 15:05
174773486,1461329100,1461340800,PXM,OVS,320,TKBQV,,4/22/16 12:45,4/22/16 16:00
174774054,1461346200,1461362400,OVS,AJK,320,TKBQV,,4/22/16 17:30,4/22/16 22:00
174774404,1461366600,1461384600,AJK,OVS,320,TKBQV,,4/22/16 23:10,4/23/16 4:10
174778066,1461391500,1461404700,OVS,AVG,320,TKBQV,,4/23/16 6:05,4/23/16 9:45
174778120,1461407700,1461420300,AVG,OVS,320,TKBQV,,4/23/16 10:35,4/23/16 14:05
174774464,1461325500,1461337140,HRZ,OVS,320,UKBQV,,4/22/16 11:45,4/22/16 14:59
174773538,1461343800,1461356400,OVS,URB,320,UKBQV,,4/22/16 16:50,4/22/16 20:20
174773789,1461361200,1461372900,URB,OVS,320,UKBQV,,4/22/16 21:40,4/23/16 0:55
174778444,1461391800,1461397200,OVS,NZK,320,UKBQV,,4/23/16 6:10,4/23/16 7:40
174778448,1461400800,1461406500,NZK,OVS,320,UKBQV,,4/23/16 8:40,4/23/16 10:15
174778334,1461410400,1461417600,OVS,AFU,320,UKBQV,,4/23/16 11:20,4/23/16 13:20
174778476,1461420900,1461428700,AFU,OVS,320,UKBQV,,4/23/16 14:15,4/23/16 16:25
174774174,1461294000,1461331440,NAH,OVS,3KR,VMBQV,,4/22/16 3:00,4/22/16 13:24
174773440,1461340800,1461375300,OVS,TRN,3KR,VMBQV,,4/22/16 16:00,4/23/16 1:35
174777408,1461380400,1461417000,TRN,OVS,3KR,VMBQV,,4/23/16 3:00,4/23/16 13:10
174777896,1461403500,1461430800,OVS,KEP,3KR,XMBQV,,4/23/16 9:25,4/23/16 17:00
174773859,1461294600,1461329760,TRN,OVS,3KR,YMBQV,,4/22/16 3:10,4/22/16 12:56
174773502,1461341700,1461376500,OVS,TKH,333,SNBQV,,4/22/16 16:15,4/23/16 1:55
174777608,1461384600,1461421200,TKH,OVS,333,SNBQV,,4/23/16 4:10,4/23/16 14:20
174774154,1461316560,1461332760,OVS,NCB,321,HOBQV,,4/22/16 9:16,4/22/16 13:46
174773510,1461336600,1461351900,NCB,OVS,321,HOBQV,,4/22/16 14:50,4/22/16 19:05
174773883,1461358500,1461366600,OVS,XVS,321,HOBQV,,4/22/16 20:55,4/22/16 23:10
174777514,1461370500,1461379200,XVS,OVS,321,HOBQV,,4/23/16 0:15,4/23/16 2:40
174778534,1461389100,1461393900,OVS,DEL,321,HOBQV,,4/23/16 5:25,4/23/16 6:45
174778052,1461397200,1461401700,DEL,OVS,321,HOBQV,,4/23/16 7:40,4/23/16 8:55
174777842,1461414600,1461424500,OVS,EIV,321,HOBQV,,4/23/16 12:30,4/23/16 15:15
174773546,1461324900,1461333300,OVS,REA,321,IOBQV,,4/22/16 11:35,4/22/16 13:55
174774288,1461339600,1461348180,REA,OVS,321,IOBQV,,4/22/16 15:40,4/22/16 18:03
174773835,1461355800,1461370500,OVS,FOT,321,IOBQV,,4/22/16 20:10,4/23/16 0:15
174778340,1461374400,1461389700,FOT,OVS,321,IOBQV,,4/23/16 1:20,4/23/16 5:35
174778216,1461394500,1461399300,OVS,DEL,321,IOBQV,,4/23/16 6:55,4/23/16 8:15
174778058,1461402300,1461406800,DEL,OVS,321,IOBQV,,4/23/16 9:05,4/23/16 10:20
174777814,1461412200,1461424800,OVS,SMA,321,IOBQV,,4/23/16 11:50,4/23/16 15:20
174773566,1461334800,1461362700,OVS,VHK,3KR,IPBQV,,4/22/16 14:20,4/22/16 22:05
174777438,1461369900,1461399600,VHK,OVS,3KR,IPBQV,,4/23/16 0:05,4/23/16 8:20
174773905,1461327900,1461341400,RHL,OVS,3KR,JPBQV,,4/22/16 12:25,4/22/16 16:10
174774256,1461359700,1461376200,OVS,AJK,3KR,JPBQV,,4/22/16 21:15,4/23/16 1:50
174778528,1461381000,1461398100,AJK,OVS,3KR,JPBQV,,4/23/16 3:10,4/23/16 7:55
174774282,1461346500,1461377400,OVS,NCI,3KR,KPBQV,,4/22/16 17:35,4/23/16 2:10
174778504,1461383400,1461417300,NCI,OVS,3KR,KPBQV,,4/23/16 3:50,4/23/16 13:15
174773496,1461326160,1461336300,OVS,PIS,32A,UPBQV,,4/22/16 11:56,4/22/16 14:45
174773318,1461342300,1461351660,PIS,OVS,32A,UPBQV,,4/22/16 16:25,4/22/16 19:01
174774422,1461355200,1461367200,OVS,CJN,32A,UPBQV,,4/22/16 20:00,4/22/16 23:20
174778532,1461371700,1461384000,CJN,OVS,32A,UPBQV,,4/23/16 0:35,4/23/16 4:00
174778212,1461396000,1461405900,OVS,GRP,32A,UPBQV,,4/23/16 7:20,4/23/16 10:05
174778200,1461408900,1461418200,GRP,OVS,32A,UPBQV,,4/23/16 10:55,4/23/16 13:30
174773338,1461322740,1461329160,OVS,DGK,32A,VPBQV,,4/22/16 10:59,4/22/16 12:46
174773358,1461333300,1461339300,DGK,OVS,32A,VPBQV,,4/22/16 13:55,4/22/16 15:35
174773570,1461343500,1461355200,OVS,SUD,32A,VPBQV,,4/22/16 16:45,4/22/16 20:00
174777908,1461385200,1461396300,SUD,OVS,32A,VPBQV,,4/23/16 4:20,4/23/16 7:25
174777864,1461400200,1461412200,OVS,SUD,32A,VPBQV,,4/23/16 8:30,4/23/16 11:50
174777876,1461415200,1461426600,SUD,OVS,32A,VPBQV,,4/23/16 12:40,4/23/16 15:50
174774006,1461332700,1461340500,OVS,VRM,32A,WPBQV,,4/22/16 13:45,4/22/16 15:55
174773990,1461344400,1461352920,VRM,OVS,32A,WPBQV,,4/22/16 17:00,4/22/16 19:22
174773456,1461356400,1461363600,OVS,EEP,32A,WPBQV,,4/22/16 20:20,4/22/16 22:20
174777542,1461380400,1461387600,EEP,OVS,32A,WPBQV,,4/23/16 3:00,4/23/16 5:00
174777426,1461397200,1461406800,OVS,LSO,32A,WPBQV,,4/23/16 7:40,4/23/16 10:20
174777584,1461409800,1461419100,LSO,OVS,32A,WPBQV,,4/23/16 11:10,4/23/16 13:45
174773722,1461342000,1461374400,OVS,KKB,77W,BQBQV,,4/22/16 16:20,4/23/16 1:20
174777598,1461382800,1461418500,KKB,OVS,77W,BQBQV,,4/23/16 3:40,4/23/16 13:35
174773340,1461342000,1461375000,OVS,GKH,77W,CQBQV,,4/22/16 16:20,4/23/16 1:30
174777422,1461380700,1461417000,GKH,OVS,77W,CQBQV,,4/23/16 3:05,4/23/16 13:10
174773787,1461323940,1461359880,OVS,KFJ,77W,EQBQV,,4/22/16 11:19,4/22/16 21:18
174774032,1461366600,1461399300,KFJ,OVS,77W,EQBQV,,4/22/16 23:10,4/23/16 8:15
174777854,1461410700,1461446400,OVS,KFJ,77W,EQBQV,,4/23/16 11:25,4/23/16 21:20
174774432,1461327420,1461342300,VLT,OVS,77W,FQBQV,,4/22/16 12:17,4/22/16 16:25
174773468,1461332700,1461362340,OVS,OVV,77W,GQBQV,,4/22/16 13:45,4/22/16 21:59
174773480,1461366600,1461397500,OVV,OVS,77W,GQBQV,,4/22/16 23:10,4/23/16 7:45
174773530,1461294120,1461329580,KKB,OVS,77W,MQBQV,,4/22/16 3:02,4/22/16 12:53
174773849,1461346500,1461377400,OVS,GVP,77W,MQBQV,,4/22/16 17:35,4/23/16 2:10
174777670,1461382800,1461416700,GVP,OVS,77W,MQBQV,,4/23/16 3:40,4/23/16 13:05
174773759,1461297600,1461329460,OVV,OVS,333,XQBQV,,4/22/16 4:00,4/22/16 12:51
174774016,1461342000,1461375300,OVS,NAH,333,XQBQV,,4/22/16 16:20,4/23/16 1:35
174778260,1461381600,1461418200,NAH,OVS,333,XQBQV,,4/23/16 3:20,4/23/16 13:30
174774192,1461305940,1461337920,OVS,GVP,333,YQBQV,,4/22/16 6:19,4/22/16 15:12
174773867,1461346800,1461381600,GVP,OVS,333,YQBQV,,4/22/16 17:40,4/23/16 3:20
174777632,1461421200,1461449100,OVS,VHK,333,YQBQV,,4/23/16 14:20,4/23/16 22:05
174773763,1461329100,1461337020,OVS,NER,32A,VRBQV,,4/22/16 12:45,4/22/16 14:57
174773757,1461339600,1461347040,NER,OVS,32A,VRBQV,,4/22/16 15:40,4/22/16 17:44
174773873,1461353700,1461363900,OVS,NVE,32A,VRBQV,,4/22/16 19:35,4/22/16 22:25
174777806,1461383700,1461393900,NVE,OVS,32A,VRBQV,,4/23/16 3:55,4/23/16 6:45
174778402,1461398400,1461410400,OVS,RTS,32A,VRBQV,,4/23/16 8:00,4/23/16 11:20
174777582,1461414000,1461425100,RTS,OVS,32A,VRBQV,,4/23/16 12:20,4/23/16 15:25
174773718,1461321900,1461328440,WAW,OVS,32A,WRBQV,,4/22/16 10:45,4/22/16 12:34
174774300,1461332400,1461341460,OVS,SBT,32A,WRBQV,,4/22/16 13:40,4/22/16 16:11
174774316,1461345900,1461356040,SBT,OVS,32A,WRBQV,,4/22/16 17:25,4/22/16 20:14
174774254,1461326640,1461334440,OVS,EEP,32A,ESBQV,,4/22/16 12:04,4/22/16 14:14
174774266,1461337800,1461345060,EEP,OVS,32A,ESBQV,,4/22/16 15:10,4/22/16 17:11
174773654,1461349500,1461362700,OVS,TSI,32A,ESBQV,,4/22/16 18:25,4/22/16 22:05
174773498,1461365700,1461378000,TSI,OVS,32A,ESBQV,,4/22/16 22:55,4/23/16 2:20
174778172,1461386700,1461394800,OVS,VRM,32A,ESBQV,,4/23/16 4:45,4/23/16 7:00
174778160,1461399900,1461408300,VRM,OVS,32A,ESBQV,,4/23/16 8:25,4/23/16 10:45
174777562,1461412500,1461422100,OVS,PIS,32A,ESBQV,,4/23/16 11:55,4/23/16 14:35
174773674,1461344700,1461357000,OVS,QLB,32A,GSBQV,,4/22/16 17:05,4/22/16 20:30
174773680,1461363000,1461374400,QLB,OVS,32A,GSBQV,,4/22/16 22:10,4/23/16 1:20
174777774,1461397200,1461408000,OVS,JAH,32A,GSBQV,,4/23/16 7:40,4/23/16 10:40
174777484,1461411000,1461420900,JAH,OVS,32A,GSBQV,,4/23/16 11:30,4/23/16 14:15
174774170,1461330300,1461338040,OVS,RRK,32A,HSBQV,,4/22/16 13:05,4/22/16 15:14
174774190,1461342000,1461350040,RRK,OVS,32A,HSBQV,,4/22/16 16:20,4/22/16 18:34
174773464,1461357900,1461367500,OVS,MJT,32A,HSBQV,,4/22/16 20:45,4/22/16 23:25
174777538,1461371100,1461381000,MJT,OVS,32A,HSBQV,,4/23/16 0:25,4/23/16 3:10
174777550,1461384900,1461393600,OVS,KMM,32A,HSBQV,,4/23/16 4:15,4/23/16 6:40
174778422,1461397200,1461405600,KMM,OVS,32A,HSBQV,,4/23/16 7:40,4/23/16 10:00
174778346,1461410100,1461418800,OVS,KEC,32A,HSBQV,,4/23/16 11:15,4/23/16 13:40
174778220,1461422400,1461431100,KEC,OVS,32A,HSBQV,,4/23/16 14:40,4/23/16 17:05
174773913,1461320880,1461330900,OVS,PIS,32A,ISBQV,,4/22/16 10:28,4/22/16 13:15
174773909,1461335400,1461344820,PIS,OVS,32A,ISBQV,,4/22/16 14:30,4/22/16 17:07
174774240,1461348300,1461356400,OVS,RRK,32A,ISBQV,,4/22/16 18:05,4/22/16 20:20
174778482,1461381300,1461389400,RRK,OVS,32A,ISBQV,,4/23/16 3:15,4/23/16 5:30
174778394,1461396600,1461405900,OVS,HPC,32A,ISBQV,,4/23/16 7:30,4/23/16 10:05
174778578,1461409200,1461417900,HPC,OVS,32A,ISBQV,,4/23/16 11:00,4/23/16 13:25
174773494,1461326040,1461332520,OVS,GOV,32A,JSBQV,,4/22/16 11:54,4/22/16 13:42
174773664,1461336300,1461342600,GOV,OVS,32A,JSBQV,,4/22/16 14:45,4/22/16 16:30
174773586,1461346500,1461357000,OVS,VIK,32A,JSBQV,,4/22/16 17:35,4/22/16 20:30
174773600,1461361800,1461372300,VIK,OVS,32A,JSBQV,,4/22/16 21:50,4/23/16 0:45
174777424,1461388500,1461396900,OVS,RRK,32A,JSBQV,,4/23/16 5:15,4/23/16 7:35
174778464,1461400500,1461408600,RRK,OVS,32A,JSBQV,,4/23/16 8:35,4/23/16 10:50
174777560,1461412500,1461419100,OVS,GOV,32A,JSBQV,,4/23/16 11:55,4/23/16 13:45
174777726,1461422700,1461429300,GOV,OVS,32A,JSBQV,,4/23/16 14:45,4/23/16 16:35
174774332,1461334800,1461344640,OVS,PIS,32A,LSBQV,,4/22/16 14:20,4/22/16 17:04
174773424,1461348000,1461357480,PIS,OVS,32A,LSBQV,,4/22/16 18:00,4/22/16 20:38
174773879,1461362400,1461369900,OVS,NER,32A,LSBQV,,4/22/16 22:00,4/23/16 0:05
174778162,1461372900,1461380700,NER,OVS,32A,LSBQV,,4/23/16 0:55,4/23/16 3:05
174778420,1461393900,1461401100,OVS,DGK,32A,LSBQV,,4/23/16 6:45,4/23/16 8:45
174778546,1461405600,1461412200,DGK,OVS,32A,LSBQV,,4/23/16 10:00,4/23/16 11:50
174778256,1461416700,1461424800,OVS,RRK,32A,LSBQV,,4/23/16 13:05,4/23/16 15:20
174773809,1461328800,1461339540,SUD,OVS,32A,TSBQV,,4/22/16 12:40,4/22/16 15:39
174773512,1461352200,1461362400,OVS,SBT,32A,TSBQV,,4/22/16 19:10,4/22/16 22:00
174773330,1461366000,1461375300,SBT,OVS,32A,TSBQV,,4/22/16 23:00,4/23/16 1:35
174777734,1461384900,1461394800,OVS,FXS,32A,TSBQV,,4/23/16 4:15,4/23/16 7:00
174777728,1461397800,1461407100,FXS,OVS,32A,TSBQV,,4/23/16 7:50,4/23/16 10:25
174777878,1461412500,1461420900,OVS,QAA,32A,TSBQV,,4/23/16 11:55,4/23/16 14:15
174774492,1461324120,1461332880,HPC,OVS,32A,USBQV,,4/22/16 11:22,4/22/16 13:48
174774478,1461336300,1461344760,OVS,REA,32A,USBQV,,4/22/16 14:45,4/22/16 17:06
174774324,1461349500,1461358020,REA,OVS,32A,USBQV,,4/22/16 18:25,4/22/16 20:47
174778290,1461388500,1461393900,OVS,NZK,32A,USBQV,,4/23/16 5:15,4/23/16 6:45
174777694,1461396900,1461402600,NZK,OVS,32A,USBQV,,4/23/16 7:35,4/23/16 9:10
174778350,1461413100,1461420300,OVS,EEP,32A,USBQV,,4/23/16 12:05,4/23/16 14:05
174773773,1461350100,1461376200,OVS,KEP,77W,AUBQV,,4/22/16 18:35,4/23/16 1:50
174778252,1461382800,1461411900,KEP,OVS,77W,AUBQV,,4/23/16 3:40,4/23/16 11:45
174774034,1461307860,1461343200,OVS,KFJ,77W,BUBQV,,4/22/16 6:51,4/22/16 16:40
174773777,1461349200,1461381900,KFJ,OVS,77W,BUBQV,,4/22/16 18:20,4/23/16 3:25
174778110,1461393600,1461428700,OVS,KFJ,77W,BUBQV,,4/23/16 6:40,4/23/16 16:25
174773604,1461297960,1461331920,GVP,OVS,77W,CUBQV,,4/22/16 4:06,4/22/16 13:32
174777592,1461393000,1461407700,OVS,VLT,77W,CUBQV,,4/23/16 6:30,4/23/16 10:35
174778520,1461413100,1461427500,VLT,OVS,77W,CUBQV,,4/23/16 12:05,4/23/16 16:05
174773708,1461320040,1461336840,DAM,OVS,73H,OVBQV,,4/22/16 10:14,4/22/16 14:54
174774176,1461342600,1461358800,OVS,NCB,73H,OVBQV,,4/22/16 16:30,4/22/16 21:00
174774014,1461362700,1461377700,NCB,OVS,73H,OVBQV,,4/22/16 22:05,4/23/16 2:15
174777642,1461383100,1461402000,OVS,DAM,73H,OVBQV,,4/23/16 3:45,4/23/16 9:00
174777772,1461405600,1461422700,DAM,OVS,73H,OVBQV,,4/23/16 10:00,4/23/16 14:45
174773933,1461319980,1461333480,TYA,OVS,73H,PVBQV,,4/22/16 10:13,4/22/16 13:58
174773749,1461338100,1461357000,OVS,DAM,73H,PVBQV,,4/22/16 15:15,4/22/16 20:30
174773885,1461360600,1461377700,DAM,OVS,73H,PVBQV,,4/22/16 21:30,4/23/16 2:15
174777942,1461396300,1461407100,OVS,GEB,73H,PVBQV,,4/23/16 7:25,4/23/16 10:25
174777998,1461410700,1461420900,GEB,OVS,73H,PVBQV,,4/23/16 11:25,4/23/16 14:15
174773949,1461328020,1461332100,DEL,OVS,73H,AWBQV,,4/22/16 12:27,4/22/16 13:35
174774156,1461365700,1461378000,OVS,XUN,73H,AWBQV,,4/22/16 22:55,4/23/16 2:20
174778094,1461386400,1461398700,XUN,OVS,73H,AWBQV,,4/23/16 4:40,4/23/16 8:05
174778478,1461404400,1461409200,OVS,DEL,73H,AWBQV,,4/23/16 9:40,4/23/16 11:00
174778022,1461412500,1461417300,DEL,OVS,73H,AWBQV,,4/23/16 11:55,4/23/16 13:15
174774026,1461325380,1461333360,OVS,FSA,73H,BWBQV,,4/22/16 11:43,4/22/16 13:56
174773855,1461337500,1461346200,FSA,OVS,73H,BWBQV,,4/22/16 15:05,4/22/16 17:30
174774068,1461353700,1461362100,OVS,FSA,73H,BWBQV,,4/22/16 19:35,4/22/16 21:55
174777986,1461381000,1461388800,FSA,OVS,73H,BWBQV,,4/23/16 3:10,4/23/16 5:20
174778272,1461394200,1461404700,OVS,NVE,73H,BWBQV,,4/23/16 6:50,4/23/16 9:45
174778406,1461408300,1461419100,NVE,OVS,73H,BWBQV,,4/23/16 10:45,4/23/16 13:45
174773462,1461327000,1461346740,BXD,OVS,73H,CWBQV,,4/22/16 12:10,4/22/16 17:39
174773979,1461357600,1461373800,OVS,ABA,73H,CWBQV,,4/22/16 20:40,4/23/16 1:10
174778076,1461378600,1461396000,ABA,OVS,73H,CWBQV,,4/23/16 2:30,4/23/16 7:20
174777766,1461401700,1461410100,OVS,XVS,73H,CWBQV,,4/23/16 8:55,4/23/16 11:15
174777760,1461413700,1461423000,XVS,OVS,73H,CWBQV,,4/23/16 12:15,4/23/16 14:50
174773698,1461327780,1461336480,XVS,OVS,73H,DWBQV,,4/22/16 12:23,4/22/16 14:48
174773422,1461340800,1461362400,OVS,NLU,73H,DWBQV,,4/22/16 16:00,4/22/16 22:00
174774378,1461366600,1461390600,NLU,OVS,73H,DWBQV,,4/22/16 23:10,4/23/16 5:50
174778456,1461394800,1461414900,OVS,PGA,73H,DWBQV,,4/23/16 7:00,4/23/16 12:35
174778460,1461419100,1461437700,PGA,OVS,73H,DWBQV,,4/23/16 13:45,4/23/16 18:55
174774310,1461321900,1461333240,NVE,OVS,73H,EWBQV,,4/22/16 10:45,4/22/16 13:54
174773364,1461348900,1461369000,OVS,TKI,73H,EWBQV,,4/22/16 18:15,4/22/16 23:50
174777446,1461374700,1461396300,TKI,OVS,73H,EWBQV,,4/23/16 1:25,4/23/16 7:25
174778048,1461400500,1461414000,OVS,OCF,73H,EWBQV,,4/23/16 8:35,4/23/16 12:20
174777958,1461418200,1461431700,OCF,OVS,73H,EWBQV,,4/23/16 13:30,4/23/16 17:15
174773975,1461336600,1461361200,OVS,SKY,73H,FWBQV,,4/22/16 14:50,4/22/16 21:40
174774146,1461367800,1461392700,SKY,OVS,73H,FWBQV,,4/22/16 23:30,4/23/16 6:25
174778472,1461410700,1461422700,OVS,SUD,73H,FWBQV,,4/23/16 11:25,4/23/16 14:45
